<application>
  <component name="MaterialThemeConfig">
    <option name="fileIcons" value="false" />
    <option name="fileStatusColorsEnabled" value="false" />
    <option name="isCompactStatusBar" value="true" />
    <option name="isDecoratedFolders" value="false" />
    <option name="isMaterialDesign" value="false" />
    <option name="isPsiIcons" value="false" />
    <option name="isWizardShown" value="true" />
    <option name="overrideAccentColor" value="true" />
    <option name="pristineConfig" value="false" />
    <option name="statusBarTheme" value="false" />
    <option name="useMaterialFont2" value="true" />
    <option name="useMaterialIcons" value="false" />
    <option name="useProjectViewDecorators" value="false" />
    <option name="indicatorStyle" value="Dot" />
    <option name="customSidebarHeight" value="20" />
    <option name="rightTreeIndent" value="6" />
    <option name="tabsHeight" value="38" />
    <option name="accentColor" value="009688" />
    <option name="userId" value="752194e1:16d057a038b:-8000" />
    <option name="version" value="3.5.0.1" />
  </component>
</application>