<application>
  <component name="AppStorage">
    <option name="lastReplacementTargetLanguage" value="ENGLISH" />
    <histories>
      <item value="Collector" />
      <item value="extra" />
      <item value="release" />
      <item value=" release" />
      <item value="intent" />
      <item value="category" />
      <item value="LAUNCHER" />
      <item value="focusable In Touch Mode" />
      <item value="focusable" />
      <item value="分辨率" />
      <item value="Display Metrics" />
      <item value="屏幕" />
      <item value="a 02_junior" />
      <item value="junior" />
      <item value="constant" />
      <item value="这是一个测试程序" />
      <item value="This is a test for softwore" />
      <item value="set Visibility" />
      <item value="Override" />
      <item value="If the user didn't enter anything, there's nothing to search for. In the case where no * search text was entered but the search button was clicked, we will display a message * stating that there is nothing to search for and we will not attempt to load anything. * * If there is text entered in the search box when the search button was clicked, we will * create the URL that will return our Github search results, display that URL, and then * pass that URL to the Loader. The reason we pass the URL as a String is simply a matter * of convenience. There are other ways of achieving this same result, but we felt this * was the simplest." />
      <item value="support" />
    </histories>
    <option name="languageScores">
      <map>
        <entry key="CHINESE" value="20" />
        <entry key="ENGLISH" value="23" />
        <entry key="CHINESE_TRADITIONAL" value="1" />
      </map>
    </option>
  </component>
  <component name="Settings">
    <option name="ignoreRegExp" value="" />
    <option name="selectTargetLanguageBeforeReplacement" value="true" />
    <option name="showExplanation" value="true" />
    <option name="showWordsOnStartup" value="true" />
  </component>
</application>